,open_covid_region_code,country_region_code,country_region,sub_region_1,sub_region_1_code,date,symptom:Angular cheilitis,symptom:Aphonia,symptom:Burning Chest Pain,symptom:Crackles,symptom:Dysautonomia,symptom:Hemolysis,symptom:Laryngitis,symptom:Myoclonus,symptom:Polydipsia,symptom:Rectal pain,symptom:Shallow breathing,symptom:Urinary urgency,symptom:Ventricular fibrillation,symptom:Viral pneumonia,hospitalized_cumulative,hospitalized_new
0,US-ME,US,United States,Maine,US-ME,2020-03-09,12.78,24.01,16.84,23.85,24.16,15.59,41.62,13.87,13.56,18.71,26.34,17.61,20.58,75.14,0.0,0.0
1,US-ME,US,United States,Maine,US-ME,2020-03-16,15.25,25.47,23.03,26.08,23.64,19.37,36.91,16.32,12.05,12.66,34.47,11.59,13.73,61.77,0.0,0.0
2,US-ME,US,United States,Maine,US-ME,2020-03-23,14.03,18.27,18.41,35.22,20.9,45.16,27.18,14.03,13.59,17.1,29.81,12.57,18.7,35.51,0.0,0.0
3,US-ME,US,United States,Maine,US-ME,2020-03-30,11.92,12.49,24.27,23.98,15.47,20.86,18.73,17.6,18.73,14.19,30.79,16.18,14.05,27.96,481.0,86.0
4,US-ME,US,United States,Maine,US-ME,2020-04-06,13.76,13.17,18.0,21.51,13.03,21.51,19.76,19.76,17.71,18.0,25.17,12.44,15.07,19.61,742.0,34.0
5,US-ME,US,United States,Maine,US-ME,2020-04-13,19.78,13.81,17.36,16.94,16.94,20.78,12.24,22.91,16.94,15.23,21.63,17.51,15.66,16.08,909.0,16.0
6,US-ME,US,United States,Maine,US-ME,2020-04-20,18.08,9.99,16.9,20.29,18.23,19.84,17.05,19.99,14.11,18.82,20.29,17.05,10.88,11.76,1038.0,23.0
7,US-ME,US,United States,Maine,US-ME,2020-04-27,16.65,8.18,14.5,16.51,18.23,19.67,13.49,17.08,16.51,16.8,14.21,15.36,15.36,10.34,1201.0,24.0
8,US-ME,US,United States,Maine,US-ME,2020-05-04,17.89,13.85,14.57,23.08,19.33,22.22,15.15,16.45,12.55,19.04,17.89,18.75,14.28,10.1,1347.0,16.0
9,US-ME,US,United States,Maine,US-ME,2020-05-11,17.78,12.05,16.46,12.05,18.22,14.26,8.82,12.49,14.26,19.4,17.34,14.99,8.96,6.91,1454.0,17.0
10,US-ME,US,United States,Maine,US-ME,2020-05-18,15.82,6.84,12.47,12.62,20.53,13.54,8.82,20.68,15.21,17.95,14.6,12.62,14.3,6.24,1649.0,36.0
11,US-ME,US,United States,Maine,US-ME,2020-05-25,14.24,11.4,9.75,9.75,20.69,17.84,6.6,15.59,11.1,18.44,13.95,17.54,14.99,,1864.0,31.0
12,US-ME,US,United States,Maine,US-ME,2020-06-01,15.12,9.93,12.45,10.08,20.31,13.64,12.75,16.46,11.42,17.64,12.9,15.72,13.94,6.38,2034.0,15.0
13,US-ME,US,United States,Maine,US-ME,2020-06-08,13.55,9.49,11.45,15.36,26.05,13.1,10.84,21.38,9.79,17.77,12.8,15.66,27.41,,2149.0,16.0
14,US-ME,US,United States,Maine,US-ME,2020-06-15,14.3,9.38,9.23,13.22,25.52,13.99,14.61,17.53,10.61,21.83,13.22,17.84,26.6,6.46,2281.0,22.0
15,US-ME,US,United States,Maine,US-ME,2020-06-22,6.58,7.32,14.2,15.69,11.51,8.37,12.85,23.76,14.95,19.88,15.54,19.28,24.21,,2391.0,10.0
16,US-ME,US,United States,Maine,US-ME,2020-06-29,17.2,12.79,18.52,11.03,26.76,13.53,10.0,17.94,13.53,18.08,13.82,19.85,18.38,7.06,2475.0,13.0
17,US-ME,US,United States,Maine,US-ME,2020-07-06,19.84,10.21,15.1,14.23,22.43,13.66,17.97,16.54,15.53,18.12,16.68,17.68,17.97,6.9,2552.0,12.0
18,US-ME,US,United States,Maine,US-ME,2020-07-13,16.05,13.45,15.76,10.85,27.19,15.04,12.15,18.95,14.03,19.23,15.04,19.23,18.37,7.09,2617.0,4.0
19,US-ME,US,United States,Maine,US-ME,2020-07-20,20.58,13.62,13.33,12.17,31.01,15.65,15.51,20.0,14.2,22.03,16.52,17.25,17.68,5.94,2645.0,6.0
20,US-ME,US,United States,Maine,US-ME,2020-07-27,23.29,16.15,15.72,12.43,31.43,12.57,13.86,23.57,15.43,12.43,15.57,15.29,15.86,8.29,2702.0,7.0
21,US-ME,US,United States,Maine,US-ME,2020-08-03,9.86,11.57,13.0,9.29,30.57,13.14,14.0,21.14,12.43,20.0,15.0,18.0,17.57,,2736.0,5.0
22,US-ME,US,United States,Maine,US-ME,2020-08-10,19.09,7.55,14.39,16.67,31.63,16.1,13.53,20.66,10.54,22.08,15.53,14.96,11.11,8.26,2774.0,7.0
23,US-ME,US,United States,Maine,US-ME,2020-08-17,19.85,13.14,11.99,12.85,24.99,13.14,16.99,19.7,10.71,19.42,15.42,16.56,12.99,7.14,2830.0,8.0
24,US-ME,US,United States,Maine,US-ME,2020-08-24,22.17,9.26,15.16,14.6,27.09,15.44,15.86,16.0,13.47,20.21,14.74,17.68,14.31,,2901.0,12.0
25,US-ME,US,United States,Maine,US-ME,2020-08-31,20.0,8.79,12.91,14.61,23.69,14.18,12.91,17.3,15.74,15.32,12.77,18.86,19.71,8.51,2959.0,4.0
26,US-ME,US,United States,Maine,US-ME,2020-09-07,20.93,7.95,15.9,19.25,28.32,20.93,12.97,18.14,16.74,20.23,12.84,18.42,21.9,,3010.0,7.0
27,US-ME,US,United States,Maine,US-ME,2020-09-14,24.98,9.16,14.57,19.84,18.59,33.44,19.7,16.37,18.04,21.65,16.51,21.79,18.73,6.11,3047.0,8.0
28,US-ME,US,United States,Maine,US-ME,2020-09-21,20.27,11.66,16.8,16.66,30.68,27.91,12.08,22.63,19.72,19.16,13.75,19.99,17.36,7.91,3095.0,6.0
29,US-MT,US,United States,Montana,US-MT,2020-03-09,8.68,13.99,8.32,12.9,12.06,10.25,20.62,,8.08,9.89,11.82,7.12,8.56,32.2,0.0,0.0
30,US-MT,US,United States,Montana,US-MT,2020-03-16,6.74,13.23,11.11,13.61,8.49,10.11,20.47,,6.24,,18.85,9.86,,35.33,0.0,0.0
31,US-MT,US,United States,Montana,US-MT,2020-03-23,,8.71,12.19,16.83,8.82,26.59,12.77,8.47,5.11,6.62,15.67,6.38,6.85,22.17,23.0,8.0
32,US-MT,US,United States,Montana,US-MT,2020-03-30,6.89,5.87,11.52,12.2,8.13,10.95,9.71,9.15,8.58,7.34,12.08,,8.13,18.97,133.0,16.0
33,US-MT,US,United States,Montana,US-MT,2020-04-06,7.21,5.82,9.3,9.65,8.49,9.89,11.52,9.77,7.21,7.33,7.79,7.91,6.75,12.79,253.0,23.0
34,US-MT,US,United States,Montana,US-MT,2020-04-13,5.08,5.64,6.54,8.46,10.94,13.2,8.91,8.35,10.38,10.6,6.77,5.98,7.9,9.93,364.0,8.0
35,US-MT,US,United States,Montana,US-MT,2020-04-20,8.76,,8.88,7.59,8.53,9.93,8.29,,7.59,8.88,8.06,9.46,9.7,8.29,415.0,6.0
36,US-MT,US,United States,Montana,US-MT,2020-04-27,8.55,5.11,10.34,8.55,7.37,8.67,6.54,8.32,7.01,10.46,6.77,9.03,5.94,5.11,427.0,0.0
37,US-MT,US,United States,Montana,US-MT,2020-05-04,,5.88,8.51,7.67,12.95,8.75,7.55,5.16,6.0,8.87,7.07,6.71,9.11,5.04,434.0,1.0
38,US-MT,US,United States,Montana,US-MT,2020-05-11,5.74,,6.93,7.65,8.49,7.17,5.38,7.53,5.26,10.04,,6.1,12.43,6.1,440.0,1.0
39,US-MT,US,United States,Montana,US-MT,2020-05-18,7.47,,5.15,7.35,10.91,7.6,5.64,8.7,5.76,10.78,6.25,6.5,6.74,,454.0,2.0
40,US-MT,US,United States,Montana,US-MT,2020-05-25,9.43,,6.5,6.88,12.74,8.79,5.35,8.66,6.24,8.92,7.64,6.5,10.06,,463.0,2.0
41,US-MT,US,United States,Montana,US-MT,2020-06-01,5.72,,7.84,7.09,9.7,9.08,7.71,7.71,6.72,8.09,,7.21,8.09,,475.0,2.0
42,US-MT,US,United States,Montana,US-MT,2020-06-08,7.47,8.34,6.97,,10.7,12.44,5.72,7.71,,8.96,,10.08,9.33,,520.0,8.0
43,US-MT,US,United States,Montana,US-MT,2020-06-15,7.62,,6.49,6.49,9.24,,5.99,8.24,5.12,9.99,,8.11,10.24,5.12,572.0,12.0
44,US-MT,US,United States,Montana,US-MT,2020-06-22,8.49,,10.23,5.87,11.23,7.36,5.24,8.74,9.61,,7.49,7.49,9.36,,654.0,8.0
45,US-MT,US,United States,Montana,US-MT,2020-06-29,6.72,5.96,6.21,6.72,10.01,7.73,7.6,9.12,7.86,8.74,5.96,15.46,9.25,5.58,745.0,15.0
46,US-MT,US,United States,Montana,US-MT,2020-07-06,10.77,5.44,7.86,7.14,12.1,7.26,7.62,7.62,5.32,7.99,5.69,11.49,10.04,5.2,844.0,16.0
47,US-MT,US,United States,Montana,US-MT,2020-07-13,7.0,,8.57,7.0,8.45,5.43,9.66,5.67,5.8,9.42,9.9,11.47,8.09,6.16,1052.0,37.0
48,US-MT,US,United States,Montana,US-MT,2020-07-20,8.74,6.07,6.55,5.82,11.04,8.25,,6.43,10.07,7.89,7.89,8.13,8.86,,1288.0,34.0
49,US-MT,US,United States,Montana,US-MT,2020-07-27,7.5,7.74,6.41,5.69,12.1,6.66,7.02,7.5,7.26,11.13,6.9,7.62,7.02,,1531.0,34.0
50,US-MT,US,United States,Montana,US-MT,2020-08-03,7.84,,7.36,4.95,10.13,5.31,7.12,10.49,6.88,8.32,6.39,7.48,6.63,,1785.0,39.0
51,US-MT,US,United States,Montana,US-MT,2020-08-10,7.71,,10.97,5.54,14.95,6.75,7.11,9.76,5.91,10.85,6.99,9.76,7.71,,2134.0,54.0
52,US-MT,US,United States,Montana,US-MT,2020-08-17,9.39,5.75,5.04,,11.85,4.81,5.98,8.45,7.51,8.21,6.1,8.92,5.75,,2494.0,53.0
53,US-MT,US,United States,Montana,US-MT,2020-08-24,5.76,5.53,8.76,7.03,11.41,6.11,6.22,7.03,6.68,10.02,4.84,10.83,10.95,,2869.0,53.0
54,US-MT,US,United States,Montana,US-MT,2020-08-31,7.88,8.68,10.39,5.02,10.85,11.3,4.79,10.73,8.11,8.11,4.79,14.61,9.71,6.28,3253.0,54.0
55,US-MT,US,United States,Montana,US-MT,2020-09-07,8.35,6.77,6.2,11.96,12.18,11.5,7.33,,6.77,8.68,4.96,7.78,8.91,4.85,3585.0,39.0
56,US-MT,US,United States,Montana,US-MT,2020-09-14,7.68,7.9,6.91,8.67,9.77,11.74,7.02,9.88,6.8,7.46,4.39,11.41,10.21,,3854.0,45.0
57,US-MT,US,United States,Montana,US-MT,2020-09-21,9.4,8.06,8.5,10.85,11.41,12.42,4.92,8.84,7.94,12.08,5.82,10.4,12.31,,4457.0,117.0
58,US-ND,US,United States,North Dakota,US-ND,2020-03-09,,7.56,4.16,7.93,5.95,6.42,14.45,6.8,6.99,6.42,3.78,7.27,5.76,19.17,0.0,0.0
59,US-ND,US,United States,North Dakota,US-ND,2020-03-16,4.38,4.38,7.39,9.24,6.13,9.54,12.84,,4.67,7.49,10.9,6.13,6.62,18.58,6.0,3.0
60,US-ND,US,United States,North Dakota,US-ND,2020-03-23,4.8,5.91,5.26,11.17,6.0,18.37,10.52,4.89,4.89,6.74,11.26,5.72,4.52,13.76,73.0,14.0
61,US-ND,US,United States,North Dakota,US-ND,2020-03-30,,3.7,7.66,9.86,3.96,11.18,7.48,3.87,6.25,4.4,9.6,5.37,5.9,11.09,181.0,14.0
62,US-ND,US,United States,North Dakota,US-ND,2020-04-06,3.98,,6.43,7.42,,9.6,,4.71,4.17,3.71,6.25,6.43,7.7,6.25,244.0,8.0
63,US-ND,US,United States,North Dakota,US-ND,2020-04-13,3.91,,6.14,6.31,5.96,10.14,,5.07,4.8,4.62,6.31,5.6,4.36,8.0,316.0,12.0
64,US-ND,US,United States,North Dakota,US-ND,2020-04-20,,3.94,4.58,8.42,,7.6,,5.4,4.49,5.22,7.23,5.95,6.32,5.49,442.0,20.0
65,US-ND,US,United States,North Dakota,US-ND,2020-04-27,4.5,,5.62,4.69,5.81,7.12,,9.0,6.56,6.94,,7.22,5.62,5.53,589.0,19.0
66,US-ND,US,United States,North Dakota,US-ND,2020-05-04,,,4.52,4.43,,9.59,,5.07,4.89,5.44,5.81,4.33,4.52,,712.0,20.0
67,US-ND,US,United States,North Dakota,US-ND,2020-05-11,,,6.77,5.34,4.29,6.58,6.39,4.1,6.77,6.68,5.82,5.82,4.96,5.15,883.0,20.0
68,US-ND,US,United States,North Dakota,US-ND,2020-05-18,4.89,,4.69,4.48,5.81,4.28,4.89,5.3,,6.11,5.2,,,,1003.0,22.0
69,US-ND,US,United States,North Dakota,US-ND,2020-05-25,4.2,,6.2,6.62,4.62,,,,,6.2,,4.73,4.2,,1128.0,15.0
70,US-ND,US,United States,North Dakota,US-ND,2020-06-01,5.56,,4.84,5.66,,,,4.33,5.25,6.49,5.05,,7.62,,1231.0,16.0
71,US-ND,US,United States,North Dakota,US-ND,2020-06-08,5.1,,4.08,6.02,5.81,4.28,5.3,5.2,,4.79,7.75,5.0,7.65,,1350.0,14.0
72,US-ND,US,United States,North Dakota,US-ND,2020-06-15,5.21,,4.58,6.98,5.21,,4.48,6.77,5.21,4.69,5.62,4.38,4.27,,1445.0,19.0
73,US-ND,US,United States,North Dakota,US-ND,2020-06-22,4.72,,7.44,,,5.76,4.3,5.14,4.72,4.61,,7.02,7.23,,1550.0,10.0
74,US-ND,US,United States,North Dakota,US-ND,2020-06-29,,,,,,,,4.54,,,,6.08,6.19,,1646.0,16.0
75,US-ND,US,United States,North Dakota,US-ND,2020-07-06,4.17,,,,4.91,,4.7,6.89,4.49,6.26,7.62,6.99,4.8,,1796.0,29.0
76,US-ND,US,United States,North Dakota,US-ND,2020-07-13,5.37,4.13,4.64,,4.13,5.99,5.68,4.85,4.75,5.37,4.75,5.68,5.37,,2013.0,31.0
77,US-ND,US,United States,North Dakota,US-ND,2020-07-20,,,6.02,5.09,5.82,5.82,5.09,4.98,6.02,5.71,,5.5,6.23,,2239.0,31.0
78,US-ND,US,United States,North Dakota,US-ND,2020-07-27,5.78,,,4.62,8.3,,5.25,5.25,5.36,5.46,4.83,8.41,4.83,,2493.0,38.0
79,US-ND,US,United States,North Dakota,US-ND,2020-08-03,5.59,,5.38,6.93,5.9,4.24,,,,6.31,4.66,4.66,5.59,,2799.0,44.0
80,US-ND,US,United States,North Dakota,US-ND,2020-08-10,,,5.36,6.08,8.55,5.15,5.46,4.94,,6.38,5.15,6.69,5.46,,3103.0,44.0
81,US-ND,US,United States,North Dakota,US-ND,2020-08-17,4.53,,5.53,4.03,5.63,,5.23,4.13,4.33,5.74,5.03,5.13,4.53,,3377.0,42.0
82,US-ND,US,United States,North Dakota,US-ND,2020-08-24,,,,4.93,7.58,4.55,4.74,6.07,5.21,5.97,5.21,7.11,4.46,,3738.0,53.0
83,US-ND,US,United States,North Dakota,US-ND,2020-08-31,5.39,,,7.28,5.2,8.8,,6.24,6.34,5.49,4.16,6.81,6.15,,4060.0,44.0
84,US-ND,US,United States,North Dakota,US-ND,2020-09-07,5.18,,7.03,6.94,7.68,10.45,7.86,4.35,5.46,10.73,4.44,5.64,6.01,4.35,4348.0,45.0
85,US-ND,US,United States,North Dakota,US-ND,2020-09-14,,,4.52,8.94,7.95,8.94,4.06,6.5,5.69,5.51,4.52,6.95,10.66,5.78,4812.0,80.0
86,US-ND,US,United States,North Dakota,US-ND,2020-09-21,5.6,4.07,7.59,6.6,5.96,8.77,4.88,,,6.42,6.42,7.05,7.95,6.05,5435.0,92.0
87,US-NH,US,United States,New Hampshire,US-NH,2020-03-09,14.52,26.71,13.01,24.24,25.88,20.0,40.54,15.06,15.34,15.34,25.47,17.26,18.9,65.33,0.0,0.0
88,US-NH,US,United States,New Hampshire,US-NH,2020-03-16,17.2,13.65,19.17,26.39,19.82,9.19,30.98,11.81,10.9,14.96,40.96,11.42,12.47,59.07,0.0,0.0
89,US-NH,US,United States,New Hampshire,US-NH,2020-03-23,17.58,11.76,22.16,24.64,20.68,41.1,22.66,19.44,12.01,13.74,34.67,14.11,18.82,36.03,131.0,33.0
90,US-NH,US,United States,New Hampshire,US-NH,2020-03-30,11.94,11.58,21.2,22.18,15.84,21.08,17.67,17.55,14.99,13.77,30.22,13.89,9.99,25.83,443.0,53.0
91,US-NH,US,United States,New Hampshire,US-NH,2020-04-06,17.4,,20.24,22.22,18.27,16.05,14.07,20.49,17.16,17.9,21.85,11.85,16.42,19.13,835.0,60.0
92,US-NH,US,United States,New Hampshire,US-NH,2020-04-13,16.07,8.94,20.18,16.8,15.23,20.3,13.42,17.65,14.75,16.07,19.46,13.9,17.65,11.6,1232.0,46.0
93,US-NH,US,United States,New Hampshire,US-NH,2020-04-20,20.42,9.72,16.17,14.46,20.42,18.48,12.15,17.5,14.34,19.08,19.33,13.61,14.22,14.22,1503.0,46.0
94,US-NH,US,United States,New Hampshire,US-NH,2020-04-27,17.37,6.37,16.74,15.99,11.87,23.24,10.5,17.74,14.37,20.24,15.74,14.37,15.99,15.99,1805.0,39.0
95,US-NH,US,United States,New Hampshire,US-NH,2020-05-04,17.95,10.45,14.02,12.05,20.16,20.9,10.94,17.83,14.02,19.67,16.84,16.23,14.26,9.22,2104.0,36.0
96,US-NH,US,United States,New Hampshire,US-NH,2020-05-11,12.88,9.63,15.88,11.25,21.13,10.88,9.88,14.0,13.25,16.25,13.38,8.13,17.63,8.88,2298.0,34.0
97,US-NH,US,United States,New Hampshire,US-NH,2020-05-18,15.4,,12.16,15.14,15.01,11.26,11.26,19.92,14.1,19.28,19.66,15.78,19.54,6.34,2726.0,72.0
98,US-NH,US,United States,New Hampshire,US-NH,2020-05-25,15.3,10.16,10.03,11.96,17.61,12.09,8.74,12.98,9.13,17.36,9.77,13.5,15.04,,3013.0,30.0
99,US-NH,US,United States,New Hampshire,US-NH,2020-06-01,16.57,7.96,10.79,9.51,17.6,12.72,12.33,17.73,10.66,18.88,10.4,14.0,17.34,5.52,3283.0,38.0
100,US-NH,US,United States,New Hampshire,US-NH,2020-06-08,16.02,9.06,8.93,9.72,25.87,15.23,10.51,15.89,11.69,16.68,13.27,16.02,16.15,,3497.0,26.0
101,US-NH,US,United States,New Hampshire,US-NH,2020-06-15,13.08,11.86,12.54,14.29,22.51,14.42,8.09,17.52,11.86,17.93,11.59,15.5,14.56,6.07,3723.0,38.0
102,US-NH,US,United States,New Hampshire,US-NH,2020-06-22,18.9,7.93,16.39,13.62,18.77,9.12,,21.81,12.43,24.72,14.67,13.88,14.94,,3911.0,11.0
103,US-NH,US,United States,New Hampshire,US-NH,2020-06-29,14.08,8.98,12.87,8.98,20.65,11.53,11.0,20.52,9.79,18.91,11.94,16.5,16.63,6.84,3965.0,7.0
104,US-NH,US,United States,New Hampshire,US-NH,2020-07-06,16.58,10.57,15.01,13.97,19.19,14.88,11.75,19.19,9.27,19.19,13.32,20.89,13.71,,4054.0,20.0
105,US-NH,US,United States,New Hampshire,US-NH,2020-07-13,19.18,7.27,9.52,13.22,24.33,14.15,11.64,16.79,14.41,20.36,19.7,17.72,14.81,7.01,4524.0,84.0
106,US-NH,US,United States,New Hampshire,US-NH,2020-07-20,14.35,12.09,13.15,11.83,28.04,14.88,13.29,26.31,10.1,19.8,14.09,19.53,18.87,7.17,4758.0,15.0
107,US-NH,US,United States,New Hampshire,US-NH,2020-07-27,16.41,12.84,13.37,12.04,29.25,10.85,15.35,19.19,18.0,15.62,14.56,15.09,18.26,5.29,4840.0,7.0
108,US-NH,US,United States,New Hampshire,US-NH,2020-08-03,17.94,7.44,11.69,9.7,28.83,12.89,11.56,16.74,11.43,19.8,16.08,17.94,18.2,5.32,4889.0,6.0
109,US-NH,US,United States,New Hampshire,US-NH,2020-08-10,16.13,10.84,14.55,11.37,28.43,9.52,15.61,21.42,12.03,18.78,13.36,18.78,17.59,,4938.0,7.0
110,US-NH,US,United States,New Hampshire,US-NH,2020-08-17,20.66,10.46,13.24,11.26,26.36,8.87,15.1,15.23,13.11,19.87,15.36,19.34,18.81,,4974.0,3.0
111,US-NH,US,United States,New Hampshire,US-NH,2020-08-24,16.74,9.86,14.79,14.14,29.58,8.56,12.58,19.46,11.16,17.77,14.14,17.9,18.29,5.19,4992.0,3.0
112,US-NH,US,United States,New Hampshire,US-NH,2020-08-31,15.93,15.41,15.67,12.54,21.8,18.8,13.06,20.89,12.93,15.67,14.62,18.28,16.58,8.1,5010.0,4.0
113,US-NH,US,United States,New Hampshire,US-NH,2020-09-07,16.35,10.14,16.35,12.42,23.2,19.39,13.31,21.55,14.2,19.01,13.18,19.77,23.58,8.11,5035.0,3.0
114,US-NH,US,United States,New Hampshire,US-NH,2020-09-14,19.53,9.45,8.82,18.65,23.94,31.88,13.86,19.03,12.35,17.77,17.51,19.03,21.55,6.43,5066.0,4.0
115,US-NH,US,United States,New Hampshire,US-NH,2020-09-21,15.22,13.46,15.85,16.98,27.43,22.27,16.86,18.87,17.36,23.4,12.33,17.49,22.39,11.2,5115.0,11.0
116,US-RI,US,United States,Rhode Island,US-RI,2020-03-02,13.94,15.69,8.89,14.81,12.84,21.07,24.91,10.86,10.53,11.85,10.75,11.19,14.26,29.19,0.0,0.0
117,US-RI,US,United States,Rhode Island,US-RI,2020-03-09,8.88,14.76,12.21,12.65,15.98,9.65,24.3,11.21,11.88,11.43,18.09,11.1,11.21,36.62,0.0,0.0
118,US-RI,US,United States,Rhode Island,US-RI,2020-03-16,10.7,12.03,13.02,20.63,9.71,11.47,20.3,7.83,7.61,12.14,30.89,6.29,9.6,30.23,0.0,0.0
119,US-RI,US,United States,Rhode Island,US-RI,2020-03-23,10.41,10.92,16.78,19.21,6.87,21.43,15.16,14.36,7.08,10.41,19.91,9.81,15.16,16.38,0.0,0.0
120,US-RI,US,United States,Rhode Island,US-RI,2020-03-30,12.43,9.42,17.84,13.43,7.72,13.73,11.22,9.32,9.22,10.12,20.75,7.72,10.42,17.54,0.0,0.0
121,US-RI,US,United States,Rhode Island,US-RI,2020-04-06,12.31,8.61,13.13,13.95,9.44,14.36,8.0,12.2,7.9,13.33,18.87,10.15,13.23,13.95,0.0,0.0
122,US-RI,US,United States,Rhode Island,US-RI,2020-04-13,10.81,7.44,14.18,8.63,9.32,10.61,10.31,20.92,12.39,11.3,15.86,9.81,12.79,9.02,2838.0,605.0
123,US-RI,US,United States,Rhode Island,US-RI,2020-04-20,10.73,7.58,12.31,9.55,8.67,13.89,11.52,15.17,9.06,14.48,11.23,10.64,11.13,11.23,4620.0,86.0
124,US-RI,US,United States,Rhode Island,US-RI,2020-04-27,15.49,5.13,13.18,11.06,9.55,16.39,6.84,14.28,10.66,11.16,12.77,13.58,11.06,6.13,6023.0,322.0
125,US-RI,US,United States,Rhode Island,US-RI,2020-05-04,10.94,6.79,10.94,9.62,7.19,9.72,7.49,13.87,9.93,11.85,7.39,11.54,11.65,4.46,8085.0,238.0
126,US-RI,US,United States,Rhode Island,US-RI,2020-05-11,12.47,7.07,8.62,10.49,10.29,9.66,7.69,15.59,10.49,12.88,12.16,8.62,9.14,4.99,9459.0,167.0
127,US-RI,US,United States,Rhode Island,US-RI,2020-05-18,11.68,10.2,13.67,6.0,10.94,8.52,6.84,9.68,5.79,12.73,11.04,11.57,10.62,5.15,10568.0,162.0
128,US-RI,US,United States,Rhode Island,US-RI,2020-05-25,6.37,5.31,9.24,5.1,12.42,8.49,7.11,10.94,8.07,12.95,11.04,9.55,11.25,,11499.0,121.0
129,US-RI,US,United States,Rhode Island,US-RI,2020-06-01,10.75,6.64,5.8,6.22,8.12,6.96,7.91,9.59,9.38,14.97,6.22,10.65,13.81,,12310.0,74.0
130,US-RI,US,United States,Rhode Island,US-RI,2020-06-08,10.29,,10.19,9.65,13.83,12.87,8.15,9.54,10.29,13.4,9.87,10.72,12.87,,12851.0,78.0
131,US-RI,US,United States,Rhode Island,US-RI,2020-06-15,6.8,9.93,8.59,9.03,10.48,11.38,8.59,10.15,8.03,12.49,8.03,10.04,11.71,4.8,13346.0,69.0
132,US-RI,US,United States,Rhode Island,US-RI,2020-06-22,10.14,8.16,7.61,8.27,15.32,12.35,10.14,12.13,7.72,14.0,7.83,11.58,11.13,,13808.0,62.0
133,US-RI,US,United States,Rhode Island,US-RI,2020-06-29,11.56,,8.87,6.85,16.28,8.87,8.2,13.36,10.22,13.25,9.43,9.54,7.3,,14071.0,35.0
134,US-RI,US,United States,Rhode Island,US-RI,2020-07-06,12.05,10.74,11.51,9.31,15.56,11.62,10.3,12.49,9.43,14.79,7.01,9.64,11.07,,14294.0,32.0
135,US-RI,US,United States,Rhode Island,US-RI,2020-07-13,12.4,9.22,12.29,8.34,13.72,7.9,7.24,11.52,8.23,11.63,9.0,11.96,10.87,,14559.0,37.0
136,US-RI,US,United States,Rhode Island,US-RI,2020-07-20,12.58,7.5,8.16,7.83,13.13,12.13,10.48,13.46,9.6,12.58,10.7,10.92,7.83,4.52,14928.0,58.0
137,US-RI,US,United States,Rhode Island,US-RI,2020-07-27,12.26,8.1,8.97,9.19,10.94,11.71,8.1,11.82,9.96,14.55,9.85,13.46,9.08,4.38,15386.0,65.0
138,US-RI,US,United States,Rhode Island,US-RI,2020-08-03,10.29,7.63,8.07,9.62,16.7,9.62,5.64,12.39,6.3,11.95,10.4,12.61,10.51,,15866.0,100.0
139,US-RI,US,United States,Rhode Island,US-RI,2020-08-10,11.08,6.69,9.11,10.64,15.8,11.41,7.35,15.03,13.38,13.93,11.52,10.42,12.51,,16410.0,69.0
140,US-RI,US,United States,Rhode Island,US-RI,2020-08-17,10.17,5.2,10.61,6.75,16.25,11.28,10.95,14.48,11.72,15.37,9.51,14.71,14.04,4.42,16988.0,80.0
141,US-RI,US,United States,Rhode Island,US-RI,2020-08-24,10.43,5.81,9.25,10.54,14.95,10.22,8.28,14.09,8.71,13.02,9.14,10.43,12.59,4.62,17426.0,59.0
142,US-RI,US,United States,Rhode Island,US-RI,2020-08-31,14.2,9.03,9.68,10.65,12.8,11.4,7.85,9.57,10.43,15.16,9.57,13.55,10.22,5.05,17856.0,68.0
143,US-RI,US,United States,Rhode Island,US-RI,2020-09-07,12.78,8.17,10.37,12.15,13.4,13.3,11.2,8.06,10.26,14.24,11.83,10.79,12.04,6.49,18296.0,57.0
144,US-RI,US,United States,Rhode Island,US-RI,2020-09-14,12.87,8.45,7.54,11.16,13.07,20.42,9.55,11.77,9.05,12.97,7.84,12.97,11.46,,18679.0,49.0
145,US-RI,US,United States,Rhode Island,US-RI,2020-09-21,10.57,8.96,8.26,11.58,17.42,20.34,10.27,12.79,11.78,14.6,10.67,14.2,16.21,4.73,19010.0,32.0
146,US-SD,US,United States,South Dakota,US-SD,2020-03-09,6.02,15.06,7.23,10.0,7.47,5.42,19.39,,,,10.36,7.95,9.28,25.9,0.0,0.0
147,US-SD,US,United States,South Dakota,US-SD,2020-03-16,8.1,7.0,11.9,11.54,,10.43,16.2,4.91,,8.71,13.01,7.49,10.31,24.79,0.0,0.0
148,US-SD,US,United States,South Dakota,US-SD,2020-03-23,4.76,10.09,12.24,11.67,8.61,20.74,9.86,,4.76,6.01,13.94,6.23,6.23,20.17,0.0,0.0
149,US-SD,US,United States,South Dakota,US-SD,2020-03-30,4.94,4.94,8.42,10.44,,7.63,8.87,5.16,5.84,6.51,12.8,7.18,10.78,16.28,99.0,22.0
150,US-SD,US,United States,South Dakota,US-SD,2020-04-06,4.73,,9.34,10.03,,10.95,5.42,7.96,,5.65,10.03,7.96,8.3,8.07,204.0,21.0
151,US-SD,US,United States,South Dakota,US-SD,2020-04-13,4.81,5.37,11.08,4.48,,9.74,6.94,7.95,6.16,7.39,6.05,5.37,7.17,,400.0,31.0
152,US-SD,US,United States,South Dakota,US-SD,2020-04-20,4.75,4.63,8.34,5.1,6.95,11.47,5.21,6.37,,7.53,7.64,6.83,9.38,,804.0,61.0
153,US-SD,US,United States,South Dakota,US-SD,2020-04-27,5.8,,8.28,,5.56,10.77,,6.86,6.04,6.63,7.1,6.39,7.34,,1208.0,62.0
154,US-SD,US,United States,South Dakota,US-SD,2020-05-04,,6.34,6.91,4.61,,7.95,5.42,,5.99,7.72,5.18,7.49,8.53,,1658.0,64.0
155,US-SD,US,United States,South Dakota,US-SD,2020-05-11,,,6.81,5.75,,6.58,5.4,8.69,5.52,8.45,4.93,7.16,6.69,,2017.0,51.0
156,US-SD,US,United States,South Dakota,US-SD,2020-05-18,,,8.04,,6.91,5.65,,5.53,,8.54,5.15,6.66,8.41,,2391.0,52.0
157,US-SD,US,United States,South Dakota,US-SD,2020-05-25,6.9,,,5.88,5.75,5.62,5.37,6.13,,5.88,5.49,9.07,9.2,,2822.0,68.0
158,US-SD,US,United States,South Dakota,US-SD,2020-06-01,5.19,,,,6.46,,7.09,6.58,6.2,6.46,5.7,6.46,,,3217.0,46.0
159,US-SD,US,United States,South Dakota,US-SD,2020-06-08,,,6.67,,8.56,6.29,5.04,6.67,,,5.41,5.54,6.17,5.29,3581.0,61.0
160,US-SD,US,United States,South Dakota,US-SD,2020-06-15,,,,,7.41,6.53,,,7.66,6.03,,8.41,9.41,,4056.0,69.0
161,US-SD,US,United States,South Dakota,US-SD,2020-06-22,6.67,,,,9.06,6.16,7.04,8.3,,5.66,,8.68,7.8,6.29,4437.0,44.0
162,US-SD,US,United States,South Dakota,US-SD,2020-06-29,,,9.07,5.57,7.13,5.83,,7.13,,6.87,,7.26,7.26,5.44,4747.0,39.0
163,US-SD,US,United States,South Dakota,US-SD,2020-07-06,,7.03,6.42,6.42,7.03,,5.18,7.16,5.92,6.54,7.4,9.38,7.77,,5020.0,47.0
164,US-SD,US,United States,South Dakota,US-SD,2020-07-13,,5.29,12.31,6.03,9.48,,,6.9,5.54,8.62,4.93,6.77,9.48,,5303.0,36.0
165,US-SD,US,United States,South Dakota,US-SD,2020-07-20,6.55,,7.66,,8.65,,6.92,5.06,,6.18,6.05,,9.14,,5527.0,27.0
166,US-SD,US,United States,South Dakota,US-SD,2020-07-27,7.93,8.18,5.7,,9.91,,6.69,,,6.82,5.95,5.82,9.29,,5730.0,34.0
167,US-SD,US,United States,South Dakota,US-SD,2020-08-03,5.97,,9.02,,9.75,8.41,7.8,7.19,,5.36,,,11.21,,6014.0,41.0
168,US-SD,US,United States,South Dakota,US-SD,2020-08-10,,,5.2,,5.81,5.45,7.02,7.38,5.45,,,7.14,8.11,,6289.0,40.0
169,US-SD,US,United States,South Dakota,US-SD,2020-08-17,,4.82,7.41,,6.35,7.64,8.82,5.29,,7.06,5.06,8.12,12.94,,6581.0,43.0
170,US-SD,US,United States,South Dakota,US-SD,2020-08-24,6.03,5.02,6.47,7.37,8.7,,4.8,7.48,5.58,7.92,6.47,6.92,8.81,,6921.0,58.0
171,US-SD,US,United States,South Dakota,US-SD,2020-08-31,6.82,6.93,7.84,9.54,6.47,7.38,5.57,6.36,4.88,7.27,6.25,6.82,11.02,,7369.0,62.0
172,US-SD,US,United States,South Dakota,US-SD,2020-09-07,6.56,4.67,6.11,6.89,10.11,15.45,,7.89,6.56,8.0,5.33,4.67,9.56,,7862.0,86.0
173,US-SD,US,United States,South Dakota,US-SD,2020-09-14,4.41,7.17,5.84,11.47,5.4,13.35,8.38,6.29,,6.73,7.28,6.84,12.46,4.85,8610.0,123.0
174,US-SD,US,United States,South Dakota,US-SD,2020-09-21,,6.96,,8.51,8.51,13.82,,5.75,7.08,9.73,5.42,8.18,13.16,6.86,9669.0,185.0
175,US-WV,US,United States,West Virginia,US-WV,2020-03-09,15.73,29.89,19.62,24.91,21.02,25.54,44.69,19.62,17.75,19.15,21.33,18.84,27.09,71.31,0.0,0.0
176,US-WV,US,United States,West Virginia,US-WV,2020-03-16,13.4,23.57,26.35,33.28,22.65,22.65,39.91,11.25,10.79,20.34,28.66,18.18,20.49,70.88,2.0,1.0
177,US-WV,US,United States,West Virginia,US-WV,2020-03-23,11.66,18.09,29.01,27.96,12.11,66.4,31.85,19.29,16.75,22.73,28.56,14.21,21.83,40.53,7.0,0.0
178,US-WV,US,United States,West Virginia,US-WV,2020-03-30,16.11,17.74,28.68,24.98,15.67,28.68,23.65,20.25,18.33,18.33,23.8,16.41,27.35,27.05,5.0,-1.0
179,US-WV,US,United States,West Virginia,US-WV,2020-04-06,16.05,14.85,25.21,22.06,18.3,18.16,15.9,21.16,18.91,22.81,22.66,22.06,24.76,19.2,0.0,0.0
180,US-WV,US,United States,West Virginia,US-WV,2020-04-13,18.56,10.5,21.87,24.03,17.55,21.01,16.26,19.71,20.0,21.58,18.99,19.57,21.15,16.69,492.0,0.0
181,US-WV,US,United States,West Virginia,US-WV,2020-04-20,17.73,9.59,22.53,17.73,17.01,25.44,14.1,21.51,18.61,19.19,16.57,18.75,23.26,14.54,0.0,0.0
182,US-WV,US,United States,West Virginia,US-WV,2020-04-27,17.39,11.0,19.47,16.79,18.43,26.45,14.56,25.86,18.58,25.12,15.9,17.68,25.86,13.52,0.0,0.0
183,US-WV,US,United States,West Virginia,US-WV,2020-05-04,21.43,9.59,23.38,16.94,19.48,17.54,12.89,22.48,22.48,22.78,11.54,21.73,21.13,10.19,0.0,0.0
184,US-WV,US,United States,West Virginia,US-WV,2020-05-11,13.07,9.54,15.69,17.99,21.07,13.23,11.23,20.3,18.3,19.38,15.69,14.3,21.22,11.07,0.0,0.0
185,US-WV,US,United States,West Virginia,US-WV,2020-05-18,15.89,10.44,11.84,14.34,18.39,18.54,9.82,23.37,12.47,19.32,7.17,17.92,19.17,7.01,0.0,0.0
186,US-WV,US,United States,West Virginia,US-WV,2020-05-25,15.15,7.58,9.67,16.92,15.63,13.7,18.05,21.27,17.41,22.24,12.41,19.66,28.04,10.64,0.0,0.0
187,US-WV,US,United States,West Virginia,US-WV,2020-06-01,18.43,12.93,14.22,15.03,21.01,16.97,12.61,26.18,12.61,18.91,14.71,19.07,22.47,,0.0,0.0
188,US-WV,US,United States,West Virginia,US-WV,2020-06-08,16.2,11.87,13.48,13.96,24.39,19.73,15.56,19.89,16.04,21.82,9.63,17.49,23.58,,0.0,0.0
189,US-WV,US,United States,West Virginia,US-WV,2020-06-15,19.23,10.99,16.16,15.36,19.56,16.0,13.09,19.07,12.45,25.7,14.22,20.53,27.8,,0.0,0.0
190,US-WV,US,United States,West Virginia,US-WV,2020-06-22,14.53,12.11,17.76,13.08,22.77,19.54,11.3,19.7,15.18,20.34,13.56,20.5,36.17,9.85,0.0,0.0
191,US-WV,US,United States,West Virginia,US-WV,2020-06-29,19.21,14.7,15.37,15.7,22.38,21.71,15.2,22.38,15.53,20.04,18.37,22.21,21.38,7.01,0.0,0.0
192,US-WV,US,United States,West Virginia,US-WV,2020-07-06,16.36,11.55,18.61,13.32,22.14,19.57,11.71,23.91,13.32,20.86,15.88,19.89,29.36,10.91,0.0,0.0
193,US-WV,US,United States,West Virginia,US-WV,2020-07-13,16.3,,12.75,8.88,23.88,20.17,14.36,21.46,15.01,26.46,19.69,18.56,25.66,12.43,0.0,0.0
194,US-WV,US,United States,West Virginia,US-WV,2020-07-20,17.76,11.95,18.41,18.73,22.44,16.79,8.72,20.66,19.21,29.71,15.18,22.28,37.46,12.27,0.0,0.0
195,US-WV,US,United States,West Virginia,US-WV,2020-07-27,20.31,12.79,16.15,14.39,25.43,19.51,13.75,24.15,13.27,23.03,14.23,21.59,21.59,16.95,0.0,0.0
196,US-WV,US,United States,West Virginia,US-WV,2020-08-03,20.6,11.59,12.55,17.38,26.4,20.6,13.68,18.99,18.19,23.82,14.97,19.48,29.46,9.18,0.0,0.0
197,US-WV,US,United States,West Virginia,US-WV,2020-08-10,21.74,10.71,17.65,13.08,28.05,26.0,17.33,18.59,19.22,20.96,14.02,21.43,26.79,14.81,0.0,0.0
198,US-WV,US,United States,West Virginia,US-WV,2020-08-17,19.21,13.22,13.85,19.05,22.51,17.16,15.43,20.78,13.22,26.76,12.12,22.67,19.52,10.86,0.0,0.0
199,US-WV,US,United States,West Virginia,US-WV,2020-08-24,15.98,10.2,17.66,18.57,26.19,23.14,11.42,24.97,15.53,29.69,13.09,23.6,34.86,11.27,0.0,0.0
200,US-WV,US,United States,West Virginia,US-WV,2020-08-31,17.03,9.05,19.64,15.04,25.93,25.32,18.26,29.92,17.34,25.17,11.97,18.41,26.85,11.36,0.0,0.0
201,US-WV,US,United States,West Virginia,US-WV,2020-09-07,15.65,18.06,17.01,21.37,23.03,29.95,18.97,37.33,23.33,21.37,15.2,24.84,28.15,11.74,0.0,0.0
202,US-WV,US,United States,West Virginia,US-WV,2020-09-14,16.87,12.09,14.93,20.9,22.54,30.0,21.64,26.42,13.73,22.24,9.11,18.21,28.81,14.03,0.0,0.0
203,US-WV,US,United States,West Virginia,US-WV,2020-09-21,15.84,16.73,16.29,22.5,27.09,28.87,14.8,23.39,15.25,19.39,14.06,25.17,25.02,16.29,0.0,0.0
